.idata_entropy,/113_raw_size,/51_raw_size,.00cfg_virtual_size,.rsrc_raw_size,/63_virtual_size,.CRT_raw_size,/35_raw_size,.bss_raw_size,/89_entropy,/89_raw_size,.data_raw_size,.xdata_raw_size,.xdata_entropy,.CRT_entropy,.bss_entropy,.didat_raw_size,.gfids_entropy,.gfids_raw_size,/77_raw_size,/4_virtual_size,.00cfg_raw_size,/51_virtual_size,.rsrc_virtual_size,.edata_raw_size,.00cfg_entropy,/35_virtual_size,.tls_virtual_size,.sxdata_entropy,/102_virtual_size,.tls_raw_size,/63_entropy,/63_raw_size,.reloc_entropy,.eh_fram_virtual_size,/102_entropy,/4_raw_size,.rsrc_entropy,.gfids_virtual_size,.reloc_raw_size,.eh_fram_entropy,/51_entropy,/113_entropy,/4_entropy,/19_raw_size,.eh_fram_raw_size,/113_virtual_size,/19_entropy,.text_raw_size,/77_entropy,.bss_virtual_size,.data_virtual_size,/19_virtual_size,/89_virtual_size,.rdata_virtual_size,/35_entropy,.sxdata_raw_size,.text_virtual_size,.CRT_virtual_size,.rdata_entropy,.rdata_raw_size,.sxdata_virtual_size,/102_raw_size,/124_entropy,.idata_virtual_size,/124_virtual_size,.xdata_virtual_size,.reloc_virtual_size,.didat_virtual_size,.edata_virtual_size,.text_entropy,.didat_entropy,/124_raw_size,.edata_entropy,.idata_raw_size,.tls_entropy,/77_virtual_size,.data_entropy
4.65,0,0,0,0,0,512.0,0,0.0,0,0,91648.0,0,0,0.11,0.0,0,0,0,0,0,0,0,0,512.0,0,0,32.0,0,0,512.0,0,0,6.69,143804.0,0,0,0,0,19456.0,4.63,0,0,0,0,143872.0,0,0,468992.0,0,3040.0,91196.0,0,0,28384.0,0,0,468504.0,24.0,5.28,28672.0,0,0,0,2588.0,0,0,19248.0,0,80.0,6.22,0,0,0.96,3072.0,0.22,0,6.59
0,0,0,0,16384.0,0,0,0,0,0,0,90112.0,0,0,0,0,0,0,0,0,0,0,0,12584.0,0,0,0,0,0.0,0,0,0,0,0,0,0,0,3.2,0,0,0,0,0,0,0,0,0,0,94208.0,0,0,104425.0,0,0,23526.0,0,4096.0,92366.0,0,4.63,24576.0,4.0,0,0,0,0,0,0,0,0,6.42,0,0,0,0,0,0,6.08
0,0,0,0,16384.0,0,0,0,0,0,0,69632.0,0,0,0,0,0,0,0,0,0,0,0,12584.0,0,0,0,0,0.0,0,0,0,0,0,0,0,0,3.2,0,0,0,0,0,0,0,0,0,0,86016.0,0,0,83144.0,0,0,22014.0,0,4096.0,82722.0,0,4.5,24576.0,4.0,0,0,0,0,0,0,0,0,6.45,0,0,0,0,0,0,7.8
4.54,0,0,0,0,0,512.0,0,0.0,0,0,82432.0,0,0,0.11,0.0,0,0,0,0,0,0,0,0,512.0,0,0,32.0,0,0,512.0,0,0,6.69,143804.0,0,0,0,0,19456.0,4.63,0,0,0,0,143872.0,0,0,468992.0,0,3040.0,81980.0,0,0,28384.0,0,0,468504.0,24.0,5.27,28672.0,0,0,0,2588.0,0,0,19248.0,0,80.0,6.21,0,0,0.95,3072.0,0.22,0,6.38
4.65,0,0,0,0,0,512.0,0,0.0,0,0,91648.0,0,0,0.11,0.0,0,0,0,0,0,0,0,0,512.0,0,0,32.0,0,0,512.0,0,0,6.69,143804.0,0,0,0,0,19456.0,4.63,0,0,0,0,143872.0,0,0,468992.0,0,3040.0,91196.0,0,0,28384.0,0,0,468504.0,24.0,5.28,28672.0,0,0,0,2588.0,0,0,19248.0,0,80.0,6.22,0,0,0.96,3072.0,0.22,0,6.59
4.78,0,0,0,512.0,0,512.0,0,0.0,0,0,19456.0,0,0,0.26,0.0,0,0,0,0,0,0,0,220.0,512.0,0,0,32.0,0,0,512.0,0,0,6.26,0,0,0,1.53,0,4608.0,0,0,0,0,0,0,0,0,78848.0,0,4140.0,19076.0,0,0,84640.0,0,0,78788.0,52.0,6.19,84992.0,0,0,0,3108.0,0,0,4164.0,0,84.0,6.16,0,0,1.03,3584.0,0.23,0,0.04
0,0,0,0,16384.0,0,0,0,0,0,0,69632.0,0,0,0,0,0,0,0,0,0,0,0,12584.0,0,0,0,0,0.0,0,0,0,0,0,0,0,0,3.2,0,0,0,0,0,0,0,0,0,0,86016.0,0,0,83144.0,0,0,22014.0,0,4096.0,82722.0,0,4.5,24576.0,4.0,0,0,0,0,0,0,0,0,6.45,0,0,0,0,0,0,7.8
4.61,0,0,0,0,0,512.0,0,0.0,0,0,81408.0,0,0,0.11,0.0,0,0,0,0,0,0,0,0,512.0,0,0,32.0,0,0,512.0,0,0,6.69,143804.0,0,0,0,0,19456.0,4.63,0,0,0,0,143872.0,0,0,468992.0,0,3040.0,80956.0,0,0,28384.0,0,0,468504.0,24.0,5.28,28672.0,0,0,0,2588.0,0,0,19248.0,0,80.0,6.21,0,0,0.96,3072.0,0.22,0,6.36
0,0,0,0,290816.0,0,0,0,0,0,0,4096.0,0,0,0,0,0,0,0,0,0,0,0,289176.0,0,0,0,0,0,0,0,0,0,0,0,0,0,7.17,0,0,0,0,0,0,0,0,0,0,196608.0,0,0,18100.0,0,0,0,0,0,195088.0,0,0,0,0,0,0,0,0,0,0,0,0,5.34,0,0,0,0,0,0,0.0
4.65,0,0,0,0,0,512.0,0,0.0,0,0,91648.0,0,0,0.11,0.0,0,0,0,0,0,0,0,0,512.0,0,0,32.0,0,0,512.0,0,0,6.69,143804.0,0,0,0,0,19456.0,4.63,0,0,0,0,143872.0,0,0,468992.0,0,3040.0,91196.0,0,0,28384.0,0,0,468504.0,24.0,5.28,28672.0,0,0,0,2588.0,0,0,19248.0,0,80.0,6.22,0,0,0.96,3072.0,0.22,0,6.59
0,0,0,0,290816.0,0,0,0,0,0,0,4096.0,0,0,0,0,0,0,0,0,0,0,0,289176.0,0,0,0,0,0,0,0,0,0,0,0,0,0,7.17,0,0,0,0,0,0,0,0,0,0,196608.0,0,0,18100.0,0,0,0,0,0,195088.0,0,0,0,0,0,0,0,0,0,0,0,0,5.34,0,0,0,0,0,0,0.0
4.34,0,0,0,16384.0,0,0,0,0,0,0,114688.0,0,0,0,0,0,0,0,0,0,0,0,13852.0,0,0,0,0,0,0,0,0,0,3.69,0,0,0,3.49,0,8192.0,0,0,0,0,0,0,0,0,57344.0,0,0,113884.0,0,0,7408.0,0,0,54493.0,0,3.01,8192.0,0,0,0,7283.0,0,0,4610.0,0,0,4.75,0,0,0,8192.0,0,0,5.58
0,0,0,0,16384.0,0,0,0,0,0,0,73728.0,0,0,0,0,0,0,0,0,0,0,0,12584.0,0,0,0,0,0.0,0,0,0,0,0,0,0,0,3.2,0,0,0,0,0,0,0,0,0,0,86016.0,0,0,88264.0,0,0,22014.0,0,4096.0,82722.0,0,4.5,24576.0,4.0,0,0,0,0,0,0,0,0,6.45,0,0,0,0,0,0,7.87
3.15,0,0,0,12288.0,0,0,0,0,0,0,114688.0,0,0,0,0,0,0,0,0,0,0,0,9506.0,0,0,0,0,0,0,0,0,0,5.27,0,0,0,3.14,0,4096.0,0,0,0,0,0,0,0,0,40960.0,0,0,111588.0,0,0,6672.0,0,0,38564.0,0,2.84,8192.0,0,0,0,5142.0,0,0,3804.0,0,0,4.46,0,0,0,8192.0,0,0,5.5
4.61,3072.0,14336.0,0,512.0,2657.0,512.0,1536.0,0.0,3.6,1536.0,66048.0,0,0,0.11,0.0,0,0,0,2560.0,256.0,0,14134.0,220.0,512.0,0,1266.0,32.0,0,271.0,512.0,4.09,3072.0,5.88,0,3.27,512.0,1.52,0,512.0,0,5.92,3.12,1.22,1024.0,0,3015.0,4.41,10240.0,4.79,728.0,65936.0,931.0,1044.0,528.0,4.47,0,9792.0,24.0,3.25,1024.0,0,512.0,0.37,1752.0,72.0,0,496.0,0,84.0,5.9,0,512.0,1.01,2048.0,0.22,2104.0,8.0
0,0,0,0,20480.0,0,0,0,0,0,0,12288.0,0,0,0,0,0,0,0,0,0,0,0,17920.0,0,0,0,0,0,0,0,0,0,0,0,0,0,4.02,0,0,0,0,0,0,0,0,0,0,217088.0,0,0,25948.0,0,0,149066.0,0,0,216960.0,0,6.1,151552.0,0,0,0,0,0,0,0,0,0,6.65,0,0,0,0,0,0,3.91
4.34,0,0,0,16384.0,0,0,0,0,0,0,114688.0,0,0,0,0,0,0,0,0,0,0,0,13852.0,0,0,0,0,0,0,0,0,0,3.69,0,0,0,3.49,0,8192.0,0,0,0,0,0,0,0,0,57344.0,0,0,113884.0,0,0,7408.0,0,0,54493.0,0,3.01,8192.0,0,0,0,7283.0,0,0,4610.0,0,0,4.75,0,0,0,8192.0,0,0,5.58
0,0,0,0,28672.0,0,0,0,0,0,0,12288.0,0,0,0,0,0,0,0,0,0,0,0,26348.0,0,0,0,0,0,0,0,0,0,0,0,0,0,3.68,0,0,0,0,0,0,0,0,0,0,249856.0,0,0,27100.0,0,0,155126.0,0,0,248278.0,0,6.14,155648.0,0,0,0,0,0,0,0,0,0,6.62,0,0,0,0,0,0,4.18
4.6,3072.0,14336.0,0,512.0,2657.0,512.0,1536.0,0.0,3.6,1536.0,512.0,0,0,0.11,0.0,0,0,0,2560.0,256.0,0,14134.0,220.0,0,0,1266.0,32.0,0,271.0,512.0,4.09,3072.0,0,0,3.27,512.0,1.53,0,0,0,5.92,3.12,1.22,1024.0,0,3015.0,4.41,9728.0,4.79,728.0,24.0,931.0,1044.0,76080.0,4.47,0,9280.0,24.0,6.03,76288.0,0,512.0,0.37,1752.0,72.0,0,0,0,0,5.86,0,512.0,0,2048.0,0.22,2104.0,0.25
0,0,0,0,16384.0,0,0,0,0,0,0,69632.0,0,0,0,0,0,0,0,0,0,0,0,12584.0,0,0,0,0,0.0,0,0,0,0,0,0,0,0,3.2,0,0,0,0,0,0,0,0,0,0,86016.0,0,0,83144.0,0,0,22014.0,0,4096.0,82722.0,0,4.5,24576.0,4.0,0,0,0,0,0,0,0,0,6.45,0,0,0,0,0,0,7.8
0,0,0,0,32768.0,0,0,0,0,0,0,12288.0,0,0,0,0,0,0,0,0,0,0,0,31196.0,0,0,0,0,0,0,0,0,0,0,0,0,0,3.24,0,0,0,0,0,0,0,0,0,0,249856.0,0,0,27100.0,0,0,155126.0,0,0,247254.0,0,6.14,155648.0,0,0,0,0,0,0,0,0,0,6.61,0,0,0,0,0,0,4.18
0,0,0,0,16384.0,0,0,0,0,0,0,65536.0,0,0,0,0,0,0,0,0,0,0,0,12584.0,0,0,0,0,0.0,0,0,0,0,0,0,0,0,3.2,0,0,0,0,0,0,0,0,0,0,86016.0,0,0,80072.0,0,0,22014.0,0,4096.0,82722.0,0,4.49,24576.0,4.0,0,0,0,0,0,0,0,0,6.45,0,0,0,0,0,0,7.85
0,0,0,0,16384.0,0,0,0,0,0,0,69632.0,0,0,0,0,0,0,0,0,0,0,0,12584.0,0,0,0,0,0.0,0,0,0,0,0,0,0,0,3.2,0,0,0,0,0,0,0,0,0,0,86016.0,0,0,83144.0,0,0,22014.0,0,4096.0,82722.0,0,4.5,24576.0,4.0,0,0,0,0,0,0,0,0,6.45,0,0,0,0,0,0,7.8
0,0,0,0,16384.0,0,0,0,0,0,0,90112.0,0,0,0,0,0,0,0,0,0,0,0,12584.0,0,0,0,0,0.0,0,0,0,0,0,0,0,0,3.2,0,0,0,0,0,0,0,0,0,0,94208.0,0,0,104425.0,0,0,23526.0,0,4096.0,92366.0,0,4.63,24576.0,4.0,0,0,0,0,0,0,0,0,6.42,0,0,0,0,0,0,6.08
0,0,0,0,8192.0,0,0,0,0,0,0,81920.0,0,0,0,0,0,0,0,0,0,0,0,4184.0,0,0,0,0,0,0,0,0,0,0,0,0,0,2.03,0,0,0,0,0,0,0,0,0,0,16384.0,0,0,81960.0,0,0,3533.0,0,0,14502.0,0,4.85,4096.0,0,0,0,0,0,0,0,0,0,5.65,0,0,0,0,0,0,6.04
0,0,0,0,1024.0,0,0,0,0,0,0,2048.0,0,0,0,0,0,0,0,0,0,0,0,688.0,0,0,0,0,0,0,0,0,0,0,0,0,0,5.19,0,0,0,0,0,0,0,0,0,0,23552.0,0,0,2772.0,0,0,238726.0,0,0,23331.0,0,6.07,239104.0,0,0,0,0,0,0,0,0,0,6.25,0,0,0,0,0,0,0.9
0,0,0,0,46080.0,0,0,0,0,0,0,202240.0,0,0,0,0,0,0,0,0,0,0,0,46040.0,0,0,0,0,0,0,0,0,0,1.1,0,0,0,5.32,0,24064.0,0,0,0,0,0,0,0,0,40448.0,0,0,109143180.0,0,0,9131.0,0,0,40148.0,0,5.51,9216.0,0,0,0,0,0,0,24036.0,0,0,6.63,0,0,0,0,0,0,7.83
0,0,0,0,16384.0,0,0,0,0,0,0,69632.0,0,0,0,0,0,0,0,0,0,0,0,12584.0,0,0,0,0,0.0,0,0,0,0,0,0,0,0,3.2,0,0,0,0,0,0,0,0,0,0,86016.0,0,0,83144.0,0,0,22014.0,0,4096.0,82722.0,0,4.5,24576.0,4.0,0,0,0,0,0,0,0,0,6.45,0,0,0,0,0,0,7.8
0,0,0,0,16384.0,0,0,0,0,0,0,73728.0,0,0,0,0,0,0,0,0,0,0,0,12584.0,0,0,0,0,0.0,0,0,0,0,0,0,0,0,3.2,0,0,0,0,0,0,0,0,0,0,86016.0,0,0,88264.0,0,0,22014.0,0,4096.0,82722.0,0,4.5,24576.0,4.0,0,0,0,0,0,0,0,0,6.45,0,0,0,0,0,0,7.87
0,0,0,0,16384.0,0,0,0,0,0,0,98304.0,0,0,0,0,0,0,0,0,0,0,0,12584.0,0,0,0,0,0.0,0,0,0,0,0,0,0,0,3.2,0,0,0,0,0,0,0,0,0,0,94208.0,0,0,111273.0,0,0,23558.0,0,4096.0,92734.0,0,4.64,24576.0,4.0,0,0,0,0,0,0,0,0,6.43,0,0,0,0,0,0,6.06
0,0,0,0,16384.0,0,0,0,0,0,0,90112.0,0,0,0,0,0,0,0,0,0,0,0,12584.0,0,0,0,0,0.0,0,0,0,0,0,0,0,0,3.2,0,0,0,0,0,0,0,0,0,0,94208.0,0,0,104425.0,0,0,23526.0,0,4096.0,92366.0,0,4.63,24576.0,4.0,0,0,0,0,0,0,0,0,6.42,0,0,0,0,0,0,6.08
0,0,0,0,16384.0,0,0,0,0,0,0,73728.0,0,0,0,0,0,0,0,0,0,0,0,12584.0,0,0,0,0,0.0,0,0,0,0,0,0,0,0,3.2,0,0,0,0,0,0,0,0,0,0,86016.0,0,0,88264.0,0,0,22014.0,0,4096.0,82722.0,0,4.5,24576.0,4.0,0,0,0,0,0,0,0,0,6.45,0,0,0,0,0,0,7.87
0,0,0,0,290816.0,0,0,0,0,0,0,4096.0,0,0,0,0,0,0,0,0,0,0,0,287196.0,0,0,0,0,0,0,0,0,0,0,0,0,0,7.16,0,0,0,0,0,0,0,0,0,0,196608.0,0,0,18084.0,0,0,0,0,0,193564.0,0,0,0,0,0,0,0,0,0,0,0,0,5.3,0,0,0,0,0,0,0.0
5.11,0,0,0,0,0,512.0,0,0.0,0,0,512.0,0,0,0.11,0.0,0,0,0,0,0,0,0,0,0,0,0,32.0,0,0,512.0,0,0,0,0,0,0,0,0,0,0,0,0,0,0,0,0,0,160768.0,0,19524.0,44.0,0,0,98080.0,0,0,160496.0,24.0,6.2,98304.0,0,0,0,3488.0,0,0,0,0,0,5.63,0,0,0,3584.0,0.22,0,0.2
4.61,0,0,0,0,0,512.0,0,0.0,0,0,81408.0,0,0,0.11,0.0,0,0,0,0,0,0,0,0,512.0,0,0,32.0,0,0,512.0,0,0,6.69,143804.0,0,0,0,0,19456.0,4.63,0,0,0,0,143872.0,0,0,468992.0,0,3040.0,80956.0,0,0,28384.0,0,0,468504.0,24.0,5.28,28672.0,0,0,0,2588.0,0,0,19248.0,0,80.0,6.21,0,0,0.96,3072.0,0.22,0,6.36
4.54,0,0,0,0,0,512.0,0,0.0,0,0,82432.0,0,0,0.11,0.0,0,0,0,0,0,0,0,0,512.0,0,0,32.0,0,0,512.0,0,0,6.69,143804.0,0,0,0,0,19456.0,4.63,0,0,0,0,143872.0,0,0,468992.0,0,3040.0,81980.0,0,0,28384.0,0,0,468504.0,24.0,5.27,28672.0,0,0,0,2588.0,0,0,19248.0,0,80.0,6.21,0,0,0.95,3072.0,0.22,0,6.38
4.54,0,0,0,0,0,512.0,0,0.0,0,0,82432.0,0,0,0.11,0.0,0,0,0,0,0,0,0,0,512.0,0,0,32.0,0,0,512.0,0,0,6.69,143804.0,0,0,0,0,19456.0,4.63,0,0,0,0,143872.0,0,0,468992.0,0,3040.0,81980.0,0,0,28384.0,0,0,468504.0,24.0,5.27,28672.0,0,0,0,2588.0,0,0,19248.0,0,80.0,6.21,0,0,0.95,3072.0,0.22,0,6.38
4.65,0,0,0,0,0,512.0,0,0.0,0,0,91648.0,0,0,0.11,0.0,0,0,0,0,0,0,0,0,512.0,0,0,32.0,0,0,512.0,0,0,6.69,143804.0,0,0,0,0,19456.0,4.63,0,0,0,0,143872.0,0,0,468992.0,0,3040.0,91196.0,0,0,28384.0,0,0,468504.0,24.0,5.28,28672.0,0,0,0,2588.0,0,0,19248.0,0,80.0,6.22,0,0,0.96,3072.0,0.22,0,6.59
3.89,0,0,0,77824.0,0,0,0,0,0,0,131072.0,0,0,0,0,0,0,0,0,0,0,0,74201.0,0,0,0,0,0,0,0,0,0,6.05,0,0,0,3.97,0,16384.0,0,0,0,0,0,0,0,0,249856.0,0,0,137712.0,0,0,27826.0,0,0,247427.0,0,3.2,28672.0,0,0,0,3336.0,0,0,16102.0,0,0,5.57,0,0,0,4096.0,0,0,5.23
0,0,0,0,20480.0,0,0,0,0,0,0,12288.0,0,0,0,0,0,0,0,0,0,0,0,17920.0,0,0,0,0,0,0,0,0,0,0,0,0,0,4.02,0,0,0,0,0,0,0,0,0,0,217088.0,0,0,25948.0,0,0,149066.0,0,0,216960.0,0,6.1,151552.0,0,0,0,0,0,0,0,0,0,6.65,0,0,0,0,0,0,3.91
4.61,3072.0,14336.0,0,512.0,2657.0,512.0,1536.0,0.0,3.6,1536.0,66048.0,0,0,0.11,0.0,0,0,0,2560.0,256.0,0,14134.0,220.0,512.0,0,1266.0,32.0,0,271.0,512.0,4.09,3072.0,5.88,0,3.27,512.0,1.52,0,512.0,0,5.92,3.12,1.22,1024.0,0,3015.0,4.41,10240.0,4.79,728.0,65936.0,931.0,1044.0,528.0,4.47,0,9792.0,24.0,3.25,1024.0,0,512.0,0.37,1752.0,72.0,0,496.0,0,84.0,5.9,0,512.0,1.01,2048.0,0.22,2104.0,8.0
4.34,0,0,0,16384.0,0,0,0,0,0,0,114688.0,0,0,0,0,0,0,0,0,0,0,0,13852.0,0,0,0,0,0,0,0,0,0,3.69,0,0,0,3.49,0,8192.0,0,0,0,0,0,0,0,0,57344.0,0,0,113884.0,0,0,7408.0,0,0,54493.0,0,3.01,8192.0,0,0,0,7283.0,0,0,4610.0,0,0,4.75,0,0,0,8192.0,0,0,5.58
4.65,0,0,0,0,0,512.0,0,0.0,0,0,91648.0,0,0,0.11,0.0,0,0,0,0,0,0,0,0,512.0,0,0,32.0,0,0,512.0,0,0,6.69,143804.0,0,0,0,0,19456.0,4.63,0,0,0,0,143872.0,0,0,468992.0,0,3040.0,91196.0,0,0,28384.0,0,0,468504.0,24.0,5.28,28672.0,0,0,0,2588.0,0,0,19248.0,0,80.0,6.22,0,0,0.96,3072.0,0.22,0,6.59
4.54,0,0,0,0,0,512.0,0,0.0,0,0,82432.0,0,0,0.11,0.0,0,0,0,0,0,0,0,0,512.0,0,0,32.0,0,0,512.0,0,0,6.69,143804.0,0,0,0,0,19456.0,4.63,0,0,0,0,143872.0,0,0,468992.0,0,3040.0,81980.0,0,0,28384.0,0,0,468504.0,24.0,5.27,28672.0,0,0,0,2588.0,0,0,19248.0,0,80.0,6.21,0,0,0.95,3072.0,0.22,0,6.38
4.34,0,0,0,16384.0,0,0,0,0,0,0,114688.0,0,0,0,0,0,0,0,0,0,0,0,13852.0,0,0,0,0,0,0,0,0,0,3.69,0,0,0,3.49,0,8192.0,0,0,0,0,0,0,0,0,57344.0,0,0,113884.0,0,0,7408.0,0,0,54493.0,0,3.01,8192.0,0,0,0,7283.0,0,0,4610.0,0,0,4.75,0,0,0,8192.0,0,0,5.58
0,0,0,0,290816.0,0,0,0,0,0,0,4096.0,0,0,0,0,0,0,0,0,0,0,0,287196.0,0,0,0,0,0,0,0,0,0,0,0,0,0,7.16,0,0,0,0,0,0,0,0,0,0,196608.0,0,0,18084.0,0,0,0,0,0,193564.0,0,0,0,0,0,0,0,0,0,0,0,0,5.3,0,0,0,0,0,0,0.0
0,0,0,0,286720.0,0,0,0,0,0,0,4096.0,0,0,0,0,0,0,0,0,0,0,0,286220.0,0,0,0,0,0,0,0,0,0,0,0,0,0,7.69,0,0,0,0,0,0,0,0,0,0,262144.0,0,0,10872.0,0,0,0,0,0,258702.0,0,0,0,0,0,0,0,0,0,0,0,0,5.72,0,0,0,0,0,0,0.0
4.53,3072.0,14336.0,0,3584.0,2657.0,512.0,1536.0,0.0,3.58,1536.0,512.0,0,0,0.11,0.0,0,0,0,2560.0,256.0,0,14134.0,3204.0,0,0,1266.0,32.0,0,271.0,512.0,4.09,3072.0,0,0,3.27,512.0,5.57,0,0,0,5.91,3.12,1.23,1024.0,0,3015.0,4.41,16384.0,4.8,172.0,20.0,931.0,1044.0,80336.0,4.47,0,15920.0,24.0,6.03,80384.0,0,512.0,0.37,2108.0,72.0,0,0,0,0,5.74,0,512.0,0,2560.0,0.22,2104.0,0.2
0,0,0,0,20480.0,0,0,0,0,0,0,12288.0,0,0,0,0,0,0,0,0,0,0,0,17920.0,0,0,0,0,0,0,0,0,0,0,0,0,0,4.02,0,0,0,0,0,0,0,0,0,0,217088.0,0,0,25948.0,0,0,149066.0,0,0,216960.0,0,6.1,151552.0,0,0,0,0,0,0,0,0,0,6.65,0,0,0,0,0,0,3.91
4.65,0,0,0,0,0,512.0,0,0.0,0,0,91648.0,0,0,0.11,0.0,0,0,0,0,0,0,0,0,512.0,0,0,32.0,0,0,512.0,0,0,6.69,143804.0,0,0,0,0,19456.0,4.63,0,0,0,0,143872.0,0,0,468992.0,0,3040.0,91196.0,0,0,28384.0,0,0,468504.0,24.0,5.28,28672.0,0,0,0,2588.0,0,0,19248.0,0,80.0,6.22,0,0,0.96,3072.0,0.22,0,6.59
0,0,0,0,28672.0,0,0,0,0,0,0,12288.0,0,0,0,0,0,0,0,0,0,0,0,26348.0,0,0,0,0,0,0,0,0,0,0,0,0,0,3.68,0,0,0,0,0,0,0,0,0,0,249856.0,0,0,27100.0,0,0,155126.0,0,0,248278.0,0,6.14,155648.0,0,0,0,0,0,0,0,0,0,6.62,0,0,0,0,0,0,4.18
4.61,3072.0,14336.0,0,512.0,2657.0,512.0,1536.0,0.0,3.6,1536.0,66048.0,0,0,0.11,0.0,0,0,0,2560.0,256.0,0,14134.0,220.0,512.0,0,1266.0,32.0,0,271.0,512.0,4.09,3072.0,5.88,0,3.27,512.0,1.52,0,512.0,0,5.92,3.12,1.22,1024.0,0,3015.0,4.41,10240.0,4.79,728.0,65936.0,931.0,1044.0,528.0,4.47,0,9792.0,24.0,3.25,1024.0,0,512.0,0.37,1752.0,72.0,0,496.0,0,84.0,5.9,0,512.0,1.01,2048.0,0.22,2104.0,8.0
4.67,0,0,0,28672.0,0,0,0,0,0,0,90112.0,0,0,0,0,4096.0,0,0,0,0,0,0,26122.0,0,0,0,0,0,0,0,0,0,0,0,0,0,3.15,0,0,0,0,0,0,0,0,0,0,450560.0,0,0,105572.0,0,0,86984.0,0,0,450408.0,0,3.93,90112.0,0,0,0,14786.0,0,0,0,793.0,0,5.88,0.3,0,0,16384.0,0,0,6.65
0,0,0,0,290816.0,0,0,0,0,0,0,4096.0,0,0,0,0,0,0,0,0,0,0,0,289176.0,0,0,0,0,0,0,0,0,0,0,0,0,0,7.17,0,0,0,0,0,0,0,0,0,0,196608.0,0,0,18100.0,0,0,0,0,0,195088.0,0,0,0,0,0,0,0,0,0,0,0,0,5.34,0,0,0,0,0,0,0.0
0,0,0,0,20480.0,0,0,0,0,0,0,12288.0,0,0,0,0,0,0,0,0,0,0,0,17920.0,0,0,0,0,0,0,0,0,0,0,0,0,0,4.02,0,0,0,0,0,0,0,0,0,0,217088.0,0,0,25948.0,0,0,149066.0,0,0,216960.0,0,6.1,151552.0,0,0,0,0,0,0,0,0,0,6.65,0,0,0,0,0,0,3.91
4.61,0,0,0,0,0,512.0,0,0.0,0,0,81408.0,0,0,0.11,0.0,0,0,0,0,0,0,0,0,512.0,0,0,32.0,0,0,512.0,0,0,6.69,143804.0,0,0,0,0,19456.0,4.63,0,0,0,0,143872.0,0,0,468992.0,0,3040.0,80956.0,0,0,28384.0,0,0,468504.0,24.0,5.28,28672.0,0,0,0,2588.0,0,0,19248.0,0,80.0,6.21,0,0,0.96,3072.0,0.22,0,6.36
4.61,0,0,0,0,0,512.0,0,0.0,0,0,81408.0,0,0,0.11,0.0,0,0,0,0,0,0,0,0,512.0,0,0,32.0,0,0,512.0,0,0,6.69,143804.0,0,0,0,0,19456.0,4.63,0,0,0,0,143872.0,0,0,468992.0,0,3040.0,80956.0,0,0,28384.0,0,0,468504.0,24.0,5.28,28672.0,0,0,0,2588.0,0,0,19248.0,0,80.0,6.21,0,0,0.96,3072.0,0.22,0,6.36
2.84,0,0,0,4096.0,0,0,0,0,0,0,126976.0,0,0,0,0,0,0,0,0,0,0,0,2745.0,0,0,0,0,0,0,0,0,0,5.38,0,0,0,1.75,0,16384.0,0,0,0,0,0,0,0,0,188416.0,0,0,132816.0,0,0,24254.0,0,0,185775.0,0,3.4,24576.0,0,0,0,4441.0,0,0,13377.0,0,0,5.79,0,0,0,8192.0,0,0,5.47
0,0,0,0,20480.0,0,0,0,0,0,0,12288.0,0,0,0,0,0,0,0,0,0,0,0,17920.0,0,0,0,0,0,0,0,0,0,0,0,0,0,4.02,0,0,0,0,0,0,0,0,0,0,217088.0,0,0,25948.0,0,0,149066.0,0,0,216960.0,0,6.1,151552.0,0,0,0,0,0,0,0,0,0,6.65,0,0,0,0,0,0,3.91
0,0,0,0,4096.0,0,0,0,0,0,0,16384.0,0,0,0,0,0,0,0,0,0,0,0,1992.0,0,0,0,0,0,0,0,0,0,0,0,0,0,1.96,0,0,0,0,0,0,0,0,0,0,45056.0,0,0,28764.0,0,0,4070.0,0,0,43366.0,0,5.32,4096.0,0,0,0,0,0,0,0,0,0,7.02,0,0,0,0,0,0,4.41
0,0,0,0,4096.0,0,0,0,0,0,0,16384.0,0,0,0,0,0,0,0,0,0,0,0,1992.0,0,0,0,0,0,0,0,0,0,0,0,0,0,1.96,0,0,0,0,0,0,0,0,0,0,5120.0,0,0,28764.0,0,0,4070.0,0,0,4860.0,0,5.37,4096.0,0,0,0,0,0,0,0,0,0,5.19,0,0,0,0,0,0,4.41
0,0,0,0,4096.0,0,0,0,0,0,0,16384.0,0,0,0,0,0,0,0,0,0,0,0,1992.0,0,0,0,0,0,0,0,0,0,0,0,0,0,1.96,0,0,0,0,0,0,0,0,0,0,5120.0,0,0,28764.0,0,0,4070.0,0,0,4644.0,0,5.36,4096.0,0,0,0,0,0,0,0,0,0,4.8,0,0,0,0,0,0,4.41
0,0,0,0,4096.0,0,0,0,0,0,0,16384.0,0,0,0,0,0,0,0,0,0,0,0,1992.0,0,0,0,0,0,0,0,0,0,0,0,0,0,1.96,0,0,0,0,0,0,0,0,0,0,45056.0,0,0,28764.0,0,0,4070.0,0,0,43366.0,0,5.32,4096.0,0,0,0,0,0,0,0,0,0,7.01,0,0,0,0,0,0,4.41
0,0,0,0,4096.0,0,0,0,0,0,0,16384.0,0,0,0,0,0,0,0,0,0,0,0,1992.0,0,0,0,0,0,0,0,0,0,0,0,0,0,1.96,0,0,0,0,0,0,0,0,0,0,45056.0,0,0,28764.0,0,0,4070.0,0,0,43366.0,0,5.32,4096.0,0,0,0,0,0,0,0,0,0,7.01,0,0,0,0,0,0,4.41
0,0,0,0,4096.0,0,0,0,0,0,0,16384.0,0,0,0,0,0,0,0,0,0,0,0,1992.0,0,0,0,0,0,0,0,0,0,0,0,0,0,1.96,0,0,0,0,0,0,0,0,0,0,45056.0,0,0,28764.0,0,0,4070.0,0,0,43366.0,0,5.32,4096.0,0,0,0,0,0,0,0,0,0,7.02,0,0,0,0,0,0,4.41
0,0,0,0,4096.0,0,0,0,0,0,0,16384.0,0,0,0,0,0,0,0,0,0,0,0,1992.0,0,0,0,0,0,0,0,0,0,0,0,0,0,1.96,0,0,0,0,0,0,0,0,0,0,5120.0,0,0,28764.0,0,0,4070.0,0,0,4676.0,0,5.36,4096.0,0,0,0,0,0,0,0,0,0,4.86,0,0,0,0,0,0,4.41
0,0,0,0,12288.0,0,0,0,0,0,0,8192.0,0,0,0,0,0,0,0,0,0,0,0,12288.0,0,0,0,0,0,0,0,0,0,0,0,0,0,4.67,0,0,0,0,0,0,0,0,0,0,221184.0,0,0,13540.0,0,0,68846.0,0,0,219521.0,0,6.38,69632.0,0,0,0,0,0,0,0,0,0,6.69,0,0,0,0,0,0,1.52
0,0,0,0,4096.0,0,0,0,0,0,0,16384.0,0,0,0,0,0,0,0,0,0,0,0,1992.0,0,0,0,0,0,0,0,0,0,0,0,0,0,1.96,0,0,0,0,0,0,0,0,0,0,45056.0,0,0,28764.0,0,0,4070.0,0,0,43366.0,0,5.32,4096.0,0,0,0,0,0,0,0,0,0,7.0,0,0,0,0,0,0,4.41
0,0,0,0,4096.0,0,0,0,0,0,0,16384.0,0,0,0,0,0,0,0,0,0,0,0,1992.0,0,0,0,0,0,0,0,0,0,0,0,0,0,1.96,0,0,0,0,0,0,0,0,0,0,45056.0,0,0,28764.0,0,0,4070.0,0,0,43366.0,0,5.32,4096.0,0,0,0,0,0,0,0,0,0,7.02,0,0,0,0,0,0,4.41
0,0,0,0,52224.0,0,0,0,0,0,0,30720.0,0,0,0,0,0,0,0,0,0,0,0,51868.0,0,0,0,0,0,0,0,0,0,0,0,0,0,6.88,0,0,0,0,0,0,0,0,0,0,4608.0,0,0,35812.0,0,0,205506.0,0,0,4272.0,0,5.77,205824.0,0,0,0,0,0,0,0,0,0,5.74,0,0,0,0,0,0,4.82
0,0,0,0,52224.0,0,0,0,0,0,0,30720.0,0,0,0,0,0,0,0,0,0,0,0,51868.0,0,0,0,0,0,0,0,0,0,0,0,0,0,6.88,0,0,0,0,0,0,0,0,0,0,4608.0,0,0,35812.0,0,0,205506.0,0,0,4280.0,0,5.77,205824.0,0,0,0,0,0,0,0,0,0,5.76,0,0,0,0,0,0,4.82
5.54,0,0,4.0,12288.0,0,0,0,0.0,0,0,3072.0,2048.0,2.02,0,0.0,0,1.97,512.0,0,0,512.0,0,11915.0,0,0.06,0,0,0,0,0,0,0,6.73,0,0,0,3.93,180.0,28160.0,0,0,0,0,0,0,0,0,1024.0,0,15012.0,2960.0,0,0,149280.0,0,0,729.0,0,6.01,149504.0,0,0,0,7106.0,0,1548.0,28076.0,0,0,6.24,0,0,0,7168.0,0,0,2.73
0,0,0,0,4096.0,0,0,0,0,0,0,16384.0,0,0,0,0,0,0,0,0,0,0,0,1992.0,0,0,0,0,0,0,0,0,0,0,0,0,0,1.96,0,0,0,0,0,0,0,0,0,0,45056.0,0,0,28764.0,0,0,4070.0,0,0,43366.0,0,5.32,4096.0,0,0,0,0,0,0,0,0,0,7.04,0,0,0,0,0,0,4.41
0,0,0,0,52224.0,0,0,0,0,0,0,30720.0,0,0,0,0,0,0,0,0,0,0,0,51868.0,0,0,0,0,0,0,0,0,0,0,0,0,0,6.88,0,0,0,0,0,0,0,0,0,0,5632.0,0,0,35812.0,0,0,205506.0,0,0,5320.0,0,5.77,205824.0,0,0,0,0,0,0,0,0,0,5.26,0,0,0,0,0,0,4.82
0,0,0,0,4096.0,0,0,0,0,0,0,16384.0,0,0,0,0,0,0,0,0,0,0,0,1992.0,0,0,0,0,0,0,0,0,0,0,0,0,0,1.96,0,0,0,0,0,0,0,0,0,0,45056.0,0,0,28764.0,0,0,4070.0,0,0,43366.0,0,5.32,4096.0,0,0,0,0,0,0,0,0,0,7.01,0,0,0,0,0,0,4.41
0,0,0,0,4096.0,0,0,0,0,0,0,16384.0,0,0,0,0,0,0,0,0,0,0,0,1992.0,0,0,0,0,0,0,0,0,0,0,0,0,0,1.96,0,0,0,0,0,0,0,0,0,0,45056.0,0,0,28764.0,0,0,4070.0,0,0,43366.0,0,5.32,4096.0,0,0,0,0,0,0,0,0,0,7.03,0,0,0,0,0,0,4.41
0,0,0,0,52224.0,0,0,0,0,0,0,30720.0,0,0,0,0,0,0,0,0,0,0,0,51868.0,0,0,0,0,0,0,0,0,0,0,0,0,0,6.88,0,0,0,0,0,0,0,0,0,0,4608.0,0,0,35812.0,0,0,205506.0,0,0,4280.0,0,5.77,205824.0,0,0,0,0,0,0,0,0,0,5.77,0,0,0,0,0,0,4.82
0,0,0,0,4096.0,0,0,0,0,0,0,16384.0,0,0,0,0,0,0,0,0,0,0,0,1992.0,0,0,0,0,0,0,0,0,0,0,0,0,0,1.96,0,0,0,0,0,0,0,0,0,0,45056.0,0,0,28764.0,0,0,4070.0,0,0,43366.0,0,5.32,4096.0,0,0,0,0,0,0,0,0,0,7.02,0,0,0,0,0,0,4.41
0,0,0,0,4096.0,0,0,0,0,0,0,16384.0,0,0,0,0,0,0,0,0,0,0,0,1992.0,0,0,0,0,0,0,0,0,0,0,0,0,0,1.96,0,0,0,0,0,0,0,0,0,0,45056.0,0,0,28764.0,0,0,4070.0,0,0,43366.0,0,6.57,4096.0,0,0,0,0,0,0,0,0,0,7.01,0,0,0,0,0,0,4.41
0,0,0,0,4096.0,0,0,0,0,0,0,16384.0,0,0,0,0,0,0,0,0,0,0,0,1992.0,0,0,0,0,0,0,0,0,0,0,0,0,0,1.96,0,0,0,0,0,0,0,0,0,0,45056.0,0,0,28764.0,0,0,4070.0,0,0,43366.0,0,5.32,4096.0,0,0,0,0,0,0,0,0,0,7.03,0,0,0,0,0,0,4.41
0,0,0,0,4096.0,0,0,0,0,0,0,16384.0,0,0,0,0,0,0,0,0,0,0,0,1992.0,0,0,0,0,0,0,0,0,0,0,0,0,0,1.96,0,0,0,0,0,0,0,0,0,0,45056.0,0,0,28764.0,0,0,4070.0,0,0,43366.0,0,5.32,4096.0,0,0,0,0,0,0,0,0,0,7.02,0,0,0,0,0,0,4.41
5.54,0,0,4.0,12288.0,0,0,0,0.0,0,0,3072.0,2048.0,2.02,0,0.0,0,1.97,512.0,0,0,512.0,0,11915.0,0,0.06,0,0,0,0,0,0,0,6.73,0,0,0,3.93,180.0,28160.0,0,0,0,0,0,0,0,0,4608.0,0,15012.0,2960.0,0,0,149280.0,0,0,4173.0,0,6.01,149504.0,0,0,0,7106.0,0,1548.0,28076.0,0,0,5.54,0,0,0,7168.0,0,0,2.73
0,0,0,0,4096.0,0,0,0,0,0,0,16384.0,0,0,0,0,0,0,0,0,0,0,0,1992.0,0,0,0,0,0,0,0,0,0,0,0,0,0,1.96,0,0,0,0,0,0,0,0,0,0,45056.0,0,0,28764.0,0,0,4070.0,0,0,43366.0,0,5.32,4096.0,0,0,0,0,0,0,0,0,0,7.03,0,0,0,0,0,0,4.41
0,0,0,0,16384.0,0,0,0,0,0,0,8192.0,0,0,0,0,0,0,0,0,0,0,0,15336.0,0,0,0,0,0,0,0,0,0,0,0,0,0,3.9,0,0,0,0,0,0,0,0,0,0,376832.0,0,0,22852.0,0,0,117500.0,0,0,373777.0,0,6.12,118784.0,0,0,0,0,0,0,0,0,0,6.65,0,0,0,0,0,0,2.47
0,0,0,0,4096.0,0,0,0,0,0,0,16384.0,0,0,0,0,0,0,0,0,0,0,0,1992.0,0,0,0,0,0,0,0,0,0,0,0,0,0,1.96,0,0,0,0,0,0,0,0,0,0,45056.0,0,0,28764.0,0,0,4070.0,0,0,43366.0,0,5.32,4096.0,0,0,0,0,0,0,0,0,0,7.02,0,0,0,0,0,0,4.41
0,0,0,0,62464.0,0,0,0,0,0,0,18432.0,0,0,0,0,0,0,0,0,0,0,0,62224.0,0,0,0,0,0,0,0,0,0,0,0,0,0,4.42,0,0,0,0,0,0,0,0,0,0,145408.0,0,0,204200.0,0,0,34220.0,0,0,145283.0,0,5.13,34304.0,0,0,0,0,0,0,0,0,0,6.39,0,0,0,0,0,0,2.83
0,0,0,0,4096.0,0,0,0,0,0,0,16384.0,0,0,0,0,0,0,0,0,0,0,0,1992.0,0,0,0,0,0,0,0,0,0,0,0,0,0,1.96,0,0,0,0,0,0,0,0,0,0,45056.0,0,0,28764.0,0,0,4070.0,0,0,43366.0,0,5.32,4096.0,0,0,0,0,0,0,0,0,0,7.02,0,0,0,0,0,0,4.41
0,0,0,0,5472256.0,0,0,0,0,0,0,12288.0,0,0,0,0,0,0,0,0,0,0,0,5472256.0,0,0,0,0,0,0,0,0,0,0,0,0,0,7.98,0,0,0,0,0,0,0,0,0,0,24576.0,0,0,16252.0,0,0,2690.0,0,0,23046.0,0,4.28,4096.0,0,0,0,0,0,0,0,0,0,7.01,0,0,0,0,0,0,0.76
0,0,0,0,5472256.0,0,0,0,0,0,0,12288.0,0,0,0,0,0,0,0,0,0,0,0,5472256.0,0,0,0,0,0,0,0,0,0,0,0,0,0,7.98,0,0,0,0,0,0,0,0,0,0,24576.0,0,0,16252.0,0,0,2690.0,0,0,23046.0,0,4.01,4096.0,0,0,0,0,0,0,0,0,0,7.02,0,0,0,0,0,0,0.76
0,0,0,0,4096.0,0,0,0,0,0,0,16384.0,0,0,0,0,0,0,0,0,0,0,0,1992.0,0,0,0,0,0,0,0,0,0,0,0,0,0,1.96,0,0,0,0,0,0,0,0,0,0,45056.0,0,0,28764.0,0,0,4070.0,0,0,43366.0,0,5.32,4096.0,0,0,0,0,0,0,0,0,0,7.0,0,0,0,0,0,0,4.41
3.91,0,0,0,0,0,512.0,0,0.0,0,0,2048.0,0,0,0.27,0.0,0,0,0,0,0,0,0,0,0,0,0,32.0,0,0,512.0,0,0,0,0,0,0,0,0,0,0,0,0,0,0,0,0,0,7168.0,0,1052.0,1572.0,0,0,720.0,0,0,6852.0,52.0,4.23,1024.0,0,0,0,1584.0,0,0,0,0,0,5.83,0,0,0,2048.0,0.22,0,3.68
