/77_virtual_size,/124_raw_size,/35_virtual_size,.idata_raw_size,/113_virtual_size,.text_virtual_size,.bss_raw_size,.data_raw_size,/4_raw_size,/35_entropy,.reloc_entropy,/63_entropy,.rdata_raw_size,/113_raw_size,.rsrc_virtual_size,.eh_fram_virtual_size,/89_virtual_size,.idata_virtual_size,.idata_entropy,.data_virtual_size,.CRT_entropy,/51_virtual_size,/77_raw_size,.edata_virtual_size,/89_raw_size,.edata_raw_size,.CRT_virtual_size,.tls_virtual_size,/77_entropy,.bss_entropy,/35_raw_size,.tls_raw_size,/124_entropy,.reloc_virtual_size,.eh_fram_raw_size,.rdata_entropy,.rsrc_raw_size,.CRT_raw_size,/63_virtual_size,/19_entropy,.data_entropy,/102_virtual_size,/19_raw_size,/124_virtual_size,.tls_entropy,/19_virtual_size,.rdata_virtual_size,.eh_fram_entropy,/4_virtual_size,/51_entropy,.text_raw_size,.rsrc_entropy,.reloc_raw_size,/102_raw_size,/89_entropy,/113_entropy,.edata_entropy,/102_entropy,/63_raw_size,/4_entropy,.text_entropy,/51_raw_size,.bss_virtual_size
0,0,0,4096.0,0,236887.0,0,122880.0,0,0,6.0,0,28672.0,0,74201.0,0,0,3336.0,3.94,128880.0,0,0,0,0,0,0,0,0,0,0,0,0,0,15559.0,0,3.07,77824.0,0,0,0,5.2,0,0,0,0,0,26517.0,0,0,0,237568.0,3.97,16384.0,0,0,0,0,0,0,0,5.58,0,0
0,0,0,3072.0,0,468504.0,0.0,81408.0,0,0,6.69,0,28672.0,0,0,143804.0,0,2588.0,4.61,80956.0,0.11,0,0,80.0,0,512.0,24.0,32.0,0,0.0,0,512.0,0,19248.0,143872.0,5.28,0,512.0,0,0,6.36,0,0,0,0.22,0,28384.0,4.63,0,0,468992.0,0,19456.0,0,0,0,0.96,0,0,0,6.21,0,3040.0
0,0,0,8192.0,0,54493.0,0,114688.0,0,0,3.69,0,8192.0,0,13852.0,0,0,7283.0,4.34,113884.0,0,0,0,0,0,0,0,0,0,0,0,0,0,4610.0,0,3.01,16384.0,0,0,0,5.58,0,0,0,0,0,7408.0,0,0,0,57344.0,3.49,8192.0,0,0,0,0,0,0,0,4.75,0,0
0,0,0,0,0,229094.0,0,10752.0,0,0,0,0,148992.0,0,17896.0,0,0,0,0,25912.0,0,0,0,0,0,0,0,0,0,0,0,0,0,0,0,6.15,17920.0,0,0,0,4.38,0,0,0,0,0,148698.0,0,0,0,229376.0,3.7,0,0,0,0,0,0,0,0,6.56,0,0
0,0,0,0,0,124357.0,0,1536.0,0,0,0,0,266752.0,0,4840.0,0,0,0,0,2028.0,0,0,0,0,0,0,0,0,0,0,0,0,0,0,0,6.12,5120.0,0,0,0,0.36,0,0,0,0,0,266598.0,0,0,0,124416.0,4.23,0,0,0,0,0,0,0,0,5.36,0,0
0,0,0,4096.0,0,26229.0,0,98304.0,0,0,2.63,0,4096.0,0,4076.0,0,0,2703.0,3.08,98068.0,0,0,0,0,0,0,0,0,0,0,0,0,0,1701.0,0,0.67,4096.0,0,0,0,5.59,0,0,0,0,0,1185.0,0,0,0,28672.0,2.67,4096.0,0,0,0,0,0,0,0,4.14,0,0
0,0,0,0,0,195088.0,0,4096.0,0,0,0,0,0,0,289176.0,0,0,0,0,18100.0,0,0,0,0,0,0,0,0,0,0,0,0,0,0,0,0,290816.0,0,0,0,0.0,0,0,0,0,0,0,0,0,0,196608.0,7.17,0,0,0,0,0,0,0,0,5.34,0,0
0,0,0,0,0,131732.0,0,6656.0,0,0,0,0,268800.0,0,4736.0,0,0,0,0,13512.0,0,0,0,0,0,0,0,0,0,0,0,0,0,0,0,6.13,5120.0,0,0,0,2.79,0,0,0,0,0,268598.0,0,0,0,132096.0,4.15,0,0,0,0,0,0,0,0,6.38,0,0
0,0,0,0,0,216960.0,0,12288.0,0,0,0,0,151552.0,0,17920.0,0,0,0,0,25948.0,0,0,0,0,0,0,0,0,0,0,0,0,0,0,0,6.1,20480.0,0,0,0,3.91,0,0,0,0,0,149066.0,0,0,0,217088.0,4.02,0,0,0,0,0,0,0,0,6.65,0,0
0,0,0,0,0,229094.0,0,10752.0,0,0,0,0,148992.0,0,17896.0,0,0,0,0,25912.0,0,0,0,0,0,0,0,0,0,0,0,0,0,0,0,6.15,17920.0,0,0,0,4.38,0,0,0,0,0,148698.0,0,0,0,229376.0,3.7,0,0,0,0,0,0,0,0,6.56,0,0
2104.0,512.0,1266.0,2048.0,3015.0,9792.0,0.0,55808.0,512.0,4.47,5.89,4.09,1024.0,3072.0,220.0,0,1044.0,1752.0,4.55,55696.0,0.11,14134.0,2560.0,84.0,1536.0,512.0,24.0,32.0,4.79,0.0,1536.0,512.0,0.37,496.0,0,3.25,512.0,512.0,2657.0,4.41,7.99,271.0,1024.0,72.0,0.22,931.0,528.0,0,256.0,5.92,10240.0,1.51,512.0,512.0,3.6,3.12,1.01,3.27,3072.0,1.22,5.91,14336.0,728.0
0,0,0,0,0,195088.0,0,4096.0,0,0,0,0,0,0,289176.0,0,0,0,0,18100.0,0,0,0,0,0,0,0,0,0,0,0,0,0,0,0,0,290816.0,0,0,0,0.0,0,0,0,0,0,0,0,0,0,196608.0,7.17,0,0,0,0,0,0,0,0,5.34,0,0
0,0,0,0,0,124357.0,0,1536.0,0,0,0,0,266752.0,0,4840.0,0,0,0,0,2028.0,0,0,0,0,0,0,0,0,0,0,0,0,0,0,0,6.12,5120.0,0,0,0,0.36,0,0,0,0,0,266598.0,0,0,0,124416.0,4.23,0,0,0,0,0,0,0,0,5.36,0,0
0,0,0,8192.0,0,54493.0,0,114688.0,0,0,3.69,0,8192.0,0,13852.0,0,0,7283.0,4.34,113884.0,0,0,0,0,0,0,0,0,0,0,0,0,0,4610.0,0,3.01,16384.0,0,0,0,5.58,0,0,0,0,0,7408.0,0,0,0,57344.0,3.49,8192.0,0,0,0,0,0,0,0,4.75,0,0
0,0,0,0,0,195088.0,0,4096.0,0,0,0,0,0,0,289176.0,0,0,0,0,18100.0,0,0,0,0,0,0,0,0,0,0,0,0,0,0,0,0,290816.0,0,0,0,0.0,0,0,0,0,0,0,0,0,0,196608.0,7.17,0,0,0,0,0,0,0,0,5.34,0,0
0,0,0,3072.0,0,468504.0,0.0,91648.0,0,0,6.69,0,28672.0,0,0,143804.0,0,2588.0,4.65,91196.0,0.11,0,0,80.0,0,512.0,24.0,32.0,0,0.0,0,512.0,0,19248.0,143872.0,5.28,0,512.0,0,0,6.59,0,0,0,0.22,0,28384.0,4.63,0,0,468992.0,0,19456.0,0,0,0,0.96,0,0,0,6.22,0,3040.0
0,0,0,0,0,188757.0,0,90112.0,0,0,0,0,45056.0,0,13464.0,0,0,0,0,109992.0,0,0,0,0,0,0,0,0,0,0,0,0,0,0,0,4.39,16384.0,0,0,0,6.14,0,0,0,0,0,41538.0,0,0,0,192512.0,3.43,0,0,0,0,0,0,0,0,6.44,0,0
0,0,0,4096.0,0,470168.0,0.0,1024.0,0,0,0,0,117760.0,0,3204.0,0,0,3772.0,5.03,616.0,0.11,0,0,0,0,0,24.0,32.0,0,0.0,0,512.0,0,0,0,6.25,3584.0,512.0,0,0,1.23,0,0,0,0.22,0,117728.0,0,0,0,470528.0,5.57,0,0,0,0,0,0,0,0,5.95,0,27520.0
0,0,0,0,0,229094.0,0,10752.0,0,0,0,0,148992.0,0,17896.0,0,0,0,0,25912.0,0,0,0,0,0,0,0,0,0,0,0,0,0,0,0,6.15,17920.0,0,0,0,4.38,0,0,0,0,0,148698.0,0,0,0,229376.0,3.7,0,0,0,0,0,0,0,0,6.56,0,0
0,0,0,0,0,23331.0,0,2048.0,0,0,0,0,239104.0,0,688.0,0,0,0,0,2772.0,0,0,0,0,0,0,0,0,0,0,0,0,0,0,0,6.07,1024.0,0,0,0,0.9,0,0,0,0,0,238726.0,0,0,0,23552.0,5.19,0,0,0,0,0,0,0,0,6.25,0,0
0,0,0,3072.0,0,468504.0,0.0,91648.0,0,0,6.69,0,28672.0,0,0,143804.0,0,2588.0,4.65,91196.0,0.11,0,0,80.0,0,512.0,24.0,32.0,0,0.0,0,512.0,0,19248.0,143872.0,5.28,0,512.0,0,0,6.59,0,0,0,0.22,0,28384.0,4.63,0,0,468992.0,0,19456.0,0,0,0,0.96,0,0,0,6.22,0,3040.0
0,0,0,0,0,155585.0,0,7168.0,0,0,0,0,130048.0,0,10993.0,0,0,0,0,18504.0,0,0,0,0,0,0,0,0,0,0,0,0,0,0,0,6.11,11264.0,0,0,0,3.68,0,0,0,0,0,129704.0,0,0,0,155648.0,3.2,0,0,0,0,0,0,0,0,6.53,0,0
0,0,0,0,0,216960.0,0,12288.0,0,0,0,0,151552.0,0,17920.0,0,0,0,0,25948.0,0,0,0,0,0,0,0,0,0,0,0,0,0,0,0,6.1,20480.0,0,0,0,3.91,0,0,0,0,0,149066.0,0,0,0,217088.0,4.02,0,0,0,0,0,0,0,0,6.65,0,0
0,0,0,8192.0,0,54493.0,0,114688.0,0,0,3.69,0,8192.0,0,13852.0,0,0,7283.0,4.34,113884.0,0,0,0,0,0,0,0,0,0,0,0,0,0,4610.0,0,3.01,16384.0,0,0,0,5.58,0,0,0,0,0,7408.0,0,0,0,57344.0,3.49,8192.0,0,0,0,0,0,0,0,4.75,0,0
0,0,0,0,0,155601.0,0,7168.0,0,0,0,0,123392.0,0,10993.0,0,0,0,0,18504.0,0,0,0,0,0,0,0,0,0,0,0,0,0,0,0,6.1,11264.0,0,0,0,3.68,0,0,0,0,0,122888.0,0,0,0,155648.0,3.2,0,0,0,0,0,0,0,0,6.53,0,0
0,0,0,0,0,229094.0,0,10752.0,0,0,0,0,148992.0,0,17896.0,0,0,0,0,25912.0,0,0,0,0,0,0,0,0,0,0,0,0,0,0,0,6.15,17920.0,0,0,0,4.38,0,0,0,0,0,148698.0,0,0,0,229376.0,3.7,0,0,0,0,0,0,0,0,6.56,0,0
0,0,0,0,0,104220.0,0,8192.0,0,0,0,0,32768.0,0,143816.0,0,0,0,0,13560.0,0,0,0,0,0,0,0,0,0,0,0,0,0,0,0,6.06,147456.0,0,0,0,2.91,0,0,0,0,0,30818.0,0,0,0,106496.0,6.81,0,0,0,0,0,0,0,0,6.76,0,0
0,0,0,0,0,43366.0,0,16384.0,0,0,0,0,4096.0,0,1992.0,0,0,0,0,28764.0,0,0,0,0,0,0,0,0,0,0,0,0,0,0,0,5.32,4096.0,0,0,0,4.41,0,0,0,0,0,4070.0,0,0,0,45056.0,1.96,0,0,0,0,0,0,0,0,7.02,0,0
