http_conversations,services_opened,processes_created,calls_highlighted,registry_keys_opened,files_opened,tags,mutexes_created,files_deleted,mutexes_opened,files_written,processes_terminated,files_copied,crypto_plain_text,ip_traffic,signals_hooked,processes_injected,has_pcap,processes_tree,dns_lookups,modules_loaded,text_highlighted,services_created
0,1,1,0,0,1,0,1,1,1,1,0,1,0,0,0,0,1,0,0,1,0,0
0,0,0,0,0,1,0,0,0,0,1,0,0,0,0,0,1,1,0,0,1,0,0
0,0,1,0,0,1,0,1,0,0,1,0,0,0,0,0,1,1,0,0,1,0,0
0,1,1,0,0,1,0,1,1,1,1,0,1,0,0,0,0,1,0,0,1,0,0
0,1,1,0,0,1,0,1,1,1,1,0,1,0,0,0,0,1,0,0,1,0,0
0,1,0,0,1,1,1,1,1,0,0,1,1,1,0,0,0,1,1,0,1,0,1
0,0,1,0,0,1,0,1,0,0,1,0,0,0,0,0,1,1,0,0,1,0,0
1,1,1,0,0,1,0,1,1,1,1,0,1,0,1,0,0,1,0,0,1,0,0
0,0,0,0,0,1,0,0,0,0,1,0,0,0,0,0,1,1,0,0,1,0,0
0,1,1,0,0,1,0,1,1,1,1,0,1,0,0,0,0,1,0,0,1,0,0
0,0,0,1,1,1,1,1,0,0,1,1,1,0,0,0,0,1,1,0,1,1,0
0,0,0,1,1,1,1,1,1,0,0,1,1,1,0,0,0,1,1,0,1,1,1
0,0,1,0,0,1,0,1,0,0,1,0,0,0,0,0,1,1,0,0,1,0,0
0,0,1,0,0,1,0,1,0,0,1,0,0,0,0,0,0,1,0,0,1,0,0
0,1,1,0,0,1,0,1,1,0,1,0,1,0,0,0,0,1,0,0,1,0,0
1,1,1,0,0,1,0,1,1,1,1,0,1,0,1,1,0,1,0,0,1,0,0
0,0,1,0,0,1,0,1,0,0,1,0,0,0,0,0,1,1,0,0,1,0,0
1,1,1,0,0,1,0,1,1,1,1,0,1,0,1,1,0,1,0,0,1,0,0
1,1,1,0,0,1,0,1,1,1,1,0,1,0,1,0,0,1,0,0,1,0,0
0,0,0,1,1,1,1,1,1,0,0,1,1,1,0,0,0,1,1,0,1,0,0
1,1,1,0,0,1,0,1,1,1,1,0,1,0,1,1,0,1,0,0,1,0,0
0,0,1,0,0,1,0,1,0,0,1,0,0,0,0,0,1,1,0,0,1,0,0
0,0,1,0,0,1,0,1,0,0,1,0,0,0,0,0,1,1,0,0,1,0,0
0,0,1,0,0,1,0,1,0,0,0,0,0,0,0,0,0,1,0,0,1,0,0
0,0,0,0,1,1,1,1,1,0,0,1,1,1,0,0,0,1,1,0,1,0,1
0,0,1,0,0,1,0,1,0,0,1,0,0,0,0,0,0,1,0,0,1,0,0
0,0,1,0,0,1,0,1,0,0,0,0,0,0,0,0,0,1,0,0,1,0,0
0,0,1,0,0,1,0,1,0,0,1,0,0,0,0,0,0,1,0,0,1,0,0
0,0,1,0,0,1,0,1,0,0,1,0,0,0,0,0,0,1,0,0,1,0,0
0,0,1,0,0,1,0,1,0,0,1,0,0,0,0,0,1,1,0,0,1,0,0
0,0,1,0,0,1,0,1,0,0,1,0,0,0,0,0,1,1,0,0,1,0,0
0,0,1,0,0,1,0,1,0,0,1,0,0,0,0,0,1,1,0,0,1,0,0
0,0,1,0,0,1,0,1,0,0,1,0,0,0,0,1,1,1,0,0,1,0,0
1,1,1,0,0,1,0,1,1,1,1,0,1,0,1,0,0,1,0,0,1,0,0
1,1,1,0,0,1,0,1,1,1,1,0,1,0,1,0,0,1,0,0,1,0,0
0,1,1,0,0,1,0,1,1,1,1,0,1,0,0,0,0,1,0,0,1,0,0
0,1,1,0,0,1,0,1,1,1,1,0,1,0,0,0,0,1,0,0,1,0,0
0,1,1,0,0,1,0,1,1,1,1,0,1,0,0,0,0,1,0,0,1,0,0
1,1,1,0,0,1,0,1,1,1,1,0,1,0,1,0,0,1,0,0,1,0,0
0,0,0,1,1,1,1,1,1,0,0,1,0,1,0,0,0,1,1,0,1,0,0
1,1,1,0,0,1,0,1,1,1,1,0,1,0,1,0,0,1,0,0,1,0,0
0,0,1,0,0,1,0,1,0,0,1,0,0,0,0,0,1,1,0,0,1,0,0
0,1,1,0,0,1,0,1,1,1,1,0,1,0,0,0,0,1,0,0,1,0,0
1,1,1,0,0,1,0,1,1,1,1,0,1,0,1,0,0,1,0,0,1,0,0
0,0,1,0,0,1,0,1,0,0,1,0,0,0,0,0,1,1,0,0,1,0,0
0,0,0,1,1,1,1,1,0,0,1,1,1,0,0,0,0,1,1,0,1,1,0
0,0,0,1,1,1,1,1,0,0,1,1,1,0,0,0,0,1,1,0,1,1,0
0,0,0,0,1,1,1,1,1,0,0,1,1,1,0,0,0,1,1,0,1,0,0
1,1,1,0,0,1,0,1,1,1,1,0,1,0,1,1,0,1,0,0,1,0,0
0,1,1,0,0,1,0,1,1,1,1,0,1,0,0,0,0,1,0,0,1,0,0
1,1,1,0,0,1,0,1,1,1,1,0,1,0,1,1,0,1,0,0,1,0,0
0,1,1,0,0,1,0,1,1,0,1,0,1,0,0,0,0,1,0,0,1,0,0
1,1,1,0,0,1,0,1,1,1,0,0,1,0,1,1,0,1,0,0,1,0,0
0,0,0,1,1,1,1,1,0,0,1,1,1,0,0,0,0,1,1,0,1,1,0
1,1,1,0,0,1,0,1,1,1,1,0,1,0,1,1,0,1,0,0,1,0,0
1,1,1,0,0,1,0,1,1,1,1,0,1,0,1,0,0,1,0,0,1,0,0
0,0,0,0,1,1,1,1,1,0,0,1,1,1,0,0,0,1,1,0,1,0,1
1,0,1,0,0,1,0,1,0,0,1,0,0,0,1,0,0,1,0,0,1,0,0
1,1,1,0,0,1,0,1,1,1,1,0,1,0,1,1,0,1,0,0,1,0,0
0,0,0,0,0,0,0,0,0,0,0,0,0,0,0,0,0,1,0,0,1,0,0
0,0,0,0,0,0,0,0,0,0,0,0,0,0,0,0,0,1,0,0,1,0,0
0,0,0,0,0,0,0,0,0,0,0,0,0,0,0,0,0,1,0,0,1,0,0
0,0,0,0,0,0,0,0,0,0,0,0,0,0,0,0,0,1,0,0,1,0,0
0,0,0,0,0,0,0,0,0,0,0,0,0,0,0,0,0,1,0,0,1,0,0
0,0,0,0,0,0,0,0,0,0,0,0,0,0,0,0,0,1,0,0,1,0,0
0,0,0,0,0,0,0,0,0,0,0,0,0,0,0,0,0,1,0,0,1,0,0
0,0,0,0,0,0,0,0,0,0,0,0,0,0,0,0,0,1,0,0,1,0,0
0,0,0,0,0,0,0,0,0,0,0,0,0,0,0,0,0,1,0,0,1,0,0
0,0,0,0,0,0,0,0,0,0,0,0,0,0,0,0,0,1,0,0,1,0,0
0,0,0,0,0,0,0,0,0,0,0,0,0,0,0,0,0,1,0,0,1,0,0
0,0,0,0,0,0,0,0,0,0,0,0,0,0,0,0,0,1,0,0,1,0,0
0,1,0,0,0,1,0,1,0,1,0,0,0,0,0,0,0,1,0,0,1,0,0
0,0,0,0,0,0,0,0,0,0,0,0,0,0,0,0,0,1,0,0,1,0,0
0,0,0,0,0,0,0,0,0,0,0,0,0,0,0,0,0,1,0,0,1,0,0
0,0,0,0,0,0,0,0,0,0,0,0,0,0,0,0,0,1,0,0,1,0,0
0,0,0,0,0,0,0,0,0,0,0,0,0,0,0,0,0,1,0,0,1,0,0
0,0,0,0,0,0,0,0,0,0,0,0,0,0,0,0,0,1,0,0,1,0,0
0,0,0,0,0,0,0,0,0,0,0,0,0,0,0,0,0,1,0,0,1,0,0
0,0,1,0,0,1,0,1,0,0,0,0,0,0,0,0,0,1,0,0,1,0,0
0,0,0,0,0,0,0,0,0,0,0,0,0,0,0,0,0,1,0,0,1,0,0
0,0,0,0,0,0,0,0,0,0,0,0,0,0,0,0,0,1,0,0,1,0,0
0,0,1,0,0,1,0,1,0,0,0,0,0,0,0,0,0,1,0,0,1,0,0
0,0,0,0,0,0,0,0,0,0,0,0,0,0,0,0,0,1,0,0,1,0,0
0,0,0,0,0,1,0,0,0,0,0,0,0,0,0,0,0,1,0,0,1,0,0
0,0,0,0,0,0,0,0,0,0,0,0,0,0,0,0,0,1,0,0,1,0,0
0,0,0,0,0,0,0,0,0,0,0,0,0,0,0,0,0,1,0,1,0,0,0
0,0,0,0,0,1,0,0,0,0,0,0,0,0,0,0,0,1,0,0,1,0,0
0,0,1,0,0,1,0,1,0,0,0,0,0,0,0,0,0,1,0,0,1,0,0
0,0,0,0,0,1,0,0,0,0,0,0,0,0,0,0,0,1,0,0,1,0,0
0,0,0,0,0,0,0,0,0,0,0,0,0,0,0,0,0,1,0,0,1,0,0
1,1,0,0,0,1,0,1,0,1,0,0,0,0,1,0,0,1,0,0,1,0,0
